Elevation,Survey,Arachnida,Geometridae,Noctuidae,Notodontidae,Pyralidae.Tortricidae.Coleophoridae.Psychidae,Other,Total
Low,Early,15.47832532,7.934502252,50.79430139,0.028933267,2.245622133,4.87328649,81.35497085
Low,Middle,16.87587573,155.9925759,71.40135241,71.08376731,0,0.145442088,315.4990135
Low,Late,6.440069602,920.2041908,0.072721044,905.6012647,0,22.58065139,1854.898898
Mid,Early,11.44890802,21.17028753,1.361911267,0,1.322087552,6.642487824,41.94568219
Mid,Middle,18.2433155,233.6373925,24.68270174,99.98747531,0,3.261326148,379.8122112
Mid,Late,15.76005664,562.7416365,6.061378855,849.5005204,0,33.8648334,1467.928426
High,Early,15.91507517,9.42550341,29.02989919,0,0,7.695718448,62.06619622
High,Middle,21.51058143,122.998209,19.40250029,116.6875834,0,1.124179975,281.7230541
High,Late,24.55730512,1710.858468,32.40126713,935.4205159,0,73.80241584,2777.039972